11:04:50:1588935890+00:00,32116,215
11:04:51:1588935891+00:00,32116,215
11:04:52:1588935892+00:00,32116,246
11:04:53:1588935893+00:00,32116,354
11:04:54:1588935894+00:00,32116,355
11:04:55:1588935895+00:00,32116,356
11:04:56:1588935896+00:00,32116,357
11:04:57:1588935897+00:00,32116,358
11:04:58:1588935898+00:00,32116,358
11:04:59:1588935899+00:00,32116,358
11:05:00:1588935900+00:00,32116,359
11:05:01:1588935901+00:00,32116,359
11:05:02:1588935902+00:00,32116,359
11:05:03:1588935903+00:00,32116,359
11:05:04:1588935904+00:00,32116,360
11:05:05:1588935905+00:00,32116,359
11:05:06:1588935906+00:00,32116,360
11:05:07:1588935907+00:00,32116,359
11:05:08:1588935908+00:00,32116,359
11:05:09:1588935909+00:00,32116,360
11:05:10:1588935910+00:00,32116,360
11:05:11:1588935911+00:00,32116,360
11:05:12:1588935912+00:00,32116,360
11:05:13:1588935913+00:00,32116,360
11:05:14:1588935914+00:00,32116,360
11:05:15:1588935915+00:00,32116,360
11:05:16:1588935916+00:00,32116,361
11:05:17:1588935917+00:00,32116,360
11:05:18:1588935918+00:00,32116,360
11:05:19:1588935919+00:00,32116,360
11:05:20:1588935920+00:00,32116,360
11:05:21:1588935921+00:00,32116,360
11:05:22:1588935922+00:00,32116,361
11:05:23:1588935923+00:00,32116,361
11:05:24:1588935924+00:00,32116,361
11:05:25:1588935925+00:00,32116,361
11:05:26:1588935926+00:00,32116,362
11:05:27:1588935927+00:00,32116,361
11:05:28:1588935928+00:00,32116,362
11:05:29:1588935929+00:00,32116,361
11:05:30:1588935930+00:00,32116,361
11:05:31:1588935931+00:00,32116,362
11:05:32:1588935932+00:00,32116,362
11:05:33:1588935933+00:00,32116,363
11:05:34:1588935934+00:00,32116,363
11:05:35:1588935935+00:00,32116,363
11:05:36:1588935936+00:00,32116,363
11:05:37:1588935937+00:00,32116,363
11:05:38:1588935938+00:00,32116,363
11:05:39:1588935939+00:00,32116,363
11:05:40:1588935940+00:00,32116,363
11:05:41:1588935941+00:00,32116,363
11:05:42:1588935942+00:00,32116,363
11:05:43:1588935943+00:00,32116,364
11:05:44:1588935944+00:00,32116,364
11:05:45:1588935945+00:00,32116,364
11:05:46:1588935946+00:00,32116,364
11:05:47:1588935947+00:00,32116,364
11:05:48:1588935948+00:00,32116,364
11:05:49:1588935949+00:00,32116,365
11:05:50:1588935950+00:00,32116,365
11:05:51:1588935951+00:00,32116,365
11:05:52:1588935952+00:00,32116,365
11:05:53:1588935953+00:00,32116,365
11:05:54:1588935954+00:00,32116,365
11:05:55:1588935955+00:00,32116,365
11:05:56:1588935956+00:00,32116,365
11:05:57:1588935957+00:00,32116,365
11:05:58:1588935958+00:00,32116,366
11:06:00:1588935960+00:00,32116,365
11:06:01:1588935961+00:00,32116,365
11:06:02:1588935962+00:00,32116,366
11:06:03:1588935963+00:00,32116,366
11:06:04:1588935964+00:00,32116,366
11:06:05:1588935965+00:00,32116,367
11:06:06:1588935966+00:00,32116,367
11:06:07:1588935967+00:00,32116,367
11:06:08:1588935968+00:00,32116,367
11:06:09:1588935969+00:00,32116,367
11:06:10:1588935970+00:00,32116,367
11:06:11:1588935971+00:00,32116,367
11:06:12:1588935972+00:00,32116,367
11:06:13:1588935973+00:00,32116,367
11:06:14:1588935974+00:00,32116,368
11:06:15:1588935975+00:00,32116,368
11:06:16:1588935976+00:00,32116,368
11:06:17:1588935977+00:00,32116,368
11:06:18:1588935978+00:00,32116,368
11:06:19:1588935979+00:00,32116,368
11:06:20:1588935980+00:00,32116,368
11:06:21:1588935981+00:00,32116,368
11:06:22:1588935982+00:00,32116,368
11:06:23:1588935983+00:00,32116,369
11:06:24:1588935984+00:00,32116,369
11:06:25:1588935985+00:00,32116,369
11:06:26:1588935986+00:00,32116,369
11:06:27:1588935987+00:00,32116,370
11:06:28:1588935988+00:00,32116,370
11:06:29:1588935989+00:00,32116,370
11:06:30:1588935990+00:00,32116,369
11:06:31:1588935991+00:00,32116,369
11:06:32:1588935992+00:00,32116,370
11:06:33:1588935993+00:00,32116,370
11:06:34:1588935994+00:00,32116,370
11:06:35:1588935995+00:00,32116,370
11:06:36:1588935996+00:00,32116,370
11:06:37:1588935997+00:00,32116,370
11:06:38:1588935998+00:00,32116,371
11:06:39:1588935999+00:00,32116,371
11:06:40:1588936000+00:00,32116,371
11:06:41:1588936001+00:00,32116,371
11:06:42:1588936002+00:00,32116,371
11:06:43:1588936003+00:00,32116,371
11:06:44:1588936004+00:00,32116,371
11:06:45:1588936005+00:00,32116,371
11:06:46:1588936006+00:00,32116,372
11:06:47:1588936007+00:00,32116,372
11:06:48:1588936008+00:00,32116,372
11:06:49:1588936009+00:00,32116,372
11:06:50:1588936010+00:00,32116,372
11:06:51:1588936011+00:00,32116,372
11:06:52:1588936012+00:00,32116,372
11:06:53:1588936013+00:00,32116,372
11:06:54:1588936014+00:00,32116,372
11:06:55:1588936015+00:00,32116,373
11:06:56:1588936016+00:00,32116,373
11:06:57:1588936017+00:00,32116,373
11:06:58:1588936018+00:00,32116,373
11:06:59:1588936019+00:00,32116,373
11:07:00:1588936020+00:00,32116,373
11:07:01:1588936021+00:00,32116,373
11:07:02:1588936022+00:00,32116,373
11:07:03:1588936023+00:00,32116,373
11:07:04:1588936024+00:00,32116,374
11:07:05:1588936025+00:00,32116,374
11:07:06:1588936026+00:00,32116,374
11:07:07:1588936027+00:00,32116,374
11:07:08:1588936028+00:00,32116,374
11:07:09:1588936029+00:00,32116,374
11:07:10:1588936030+00:00,32116,374
11:07:11:1588936031+00:00,32116,374
11:07:12:1588936032+00:00,32116,375
11:07:13:1588936033+00:00,32116,375
11:07:14:1588936034+00:00,32116,375
11:07:15:1588936035+00:00,32116,375
11:07:16:1588936036+00:00,32116,375
11:07:17:1588936037+00:00,32116,376
11:07:18:1588936038+00:00,32116,375
11:07:19:1588936039+00:00,32116,375
11:07:20:1588936040+00:00,32116,376
11:07:21:1588936041+00:00,32116,376
11:07:22:1588936042+00:00,32116,376
11:07:23:1588936043+00:00,32116,376
11:07:24:1588936044+00:00,32116,376
11:07:25:1588936045+00:00,32116,376
11:07:26:1588936046+00:00,32116,376
11:07:27:1588936047+00:00,32116,376
11:07:28:1588936048+00:00,32116,377
11:07:29:1588936049+00:00,32116,377
11:07:30:1588936050+00:00,32116,376
11:07:31:1588936051+00:00,32116,376
11:07:32:1588936052+00:00,32116,377
11:07:33:1588936053+00:00,32116,377
11:07:34:1588936054+00:00,32116,377
11:07:35:1588936055+00:00,32116,377
11:07:36:1588936056+00:00,32116,377
11:07:37:1588936057+00:00,32116,377
11:07:38:1588936058+00:00,32116,377
11:07:39:1588936059+00:00,32116,377
11:07:40:1588936060+00:00,32116,377
11:07:41:1588936061+00:00,32116,378
11:07:42:1588936062+00:00,32116,378
11:07:43:1588936063+00:00,32116,378
11:07:44:1588936064+00:00,32116,378
11:07:45:1588936065+00:00,32116,378
11:07:46:1588936066+00:00,32116,378
11:07:47:1588936067+00:00,32116,379
11:07:48:1588936068+00:00,32116,379
11:07:49:1588936069+00:00,32116,379
11:07:50:1588936070+00:00,32116,379
11:07:51:1588936071+00:00,32116,379
11:07:52:1588936072+00:00,32116,379
11:07:53:1588936073+00:00,32116,380
11:07:54:1588936074+00:00,32116,380
11:07:55:1588936075+00:00,32116,380
11:07:56:1588936076+00:00,32116,380
11:07:57:1588936077+00:00,32116,380
11:07:58:1588936078+00:00,32116,380
11:07:59:1588936079+00:00,32116,380
11:08:00:1588936080+00:00,32116,380
11:08:01:1588936081+00:00,32116,381
11:08:02:1588936082+00:00,32116,380
11:08:03:1588936083+00:00,32116,381
11:08:04:1588936084+00:00,32116,381
11:08:05:1588936085+00:00,32116,381
11:08:06:1588936086+00:00,32116,381
11:08:07:1588936087+00:00,32116,380
11:08:08:1588936088+00:00,32116,380
11:08:09:1588936089+00:00,32116,381
11:08:10:1588936090+00:00,32116,381
11:08:11:1588936091+00:00,32116,381
11:08:12:1588936092+00:00,32116,382
11:08:13:1588936093+00:00,32116,382
11:08:14:1588936094+00:00,32116,382
11:08:15:1588936095+00:00,32116,382
11:08:16:1588936096+00:00,32116,383
11:08:17:1588936097+00:00,32116,382
11:08:18:1588936098+00:00,32116,382
11:08:19:1588936099+00:00,32116,383
11:08:20:1588936100+00:00,32116,383
11:08:21:1588936101+00:00,32116,383
11:08:22:1588936102+00:00,32116,383
11:08:23:1588936103+00:00,32116,383
11:08:24:1588936104+00:00,32116,383
11:08:25:1588936105+00:00,32116,384
11:08:26:1588936106+00:00,32116,384
11:08:27:1588936107+00:00,32116,384
11:08:28:1588936108+00:00,32116,384
11:08:29:1588936109+00:00,32116,384
11:08:30:1588936110+00:00,32116,384
11:08:31:1588936111+00:00,32116,384
11:08:32:1588936112+00:00,32116,384
11:08:33:1588936113+00:00,32116,384
11:08:34:1588936114+00:00,32116,384
11:08:35:1588936115+00:00,32116,384
11:08:36:1588936116+00:00,32116,385
11:08:37:1588936117+00:00,32116,385
11:08:38:1588936118+00:00,32116,385
11:08:39:1588936119+00:00,32116,385
11:08:40:1588936120+00:00,32116,385
11:08:41:1588936121+00:00,32116,385
11:08:42:1588936122+00:00,32116,385
11:08:43:1588936123+00:00,32116,386
11:08:44:1588936124+00:00,32116,386
11:08:46:1588936126+00:00,32116,386
11:08:47:1588936127+00:00,32116,386
11:08:48:1588936128+00:00,32116,386
11:08:49:1588936129+00:00,32116,387
11:08:50:1588936130+00:00,32116,387
11:08:51:1588936131+00:00,32116,387
11:08:52:1588936132+00:00,32116,387
11:08:53:1588936133+00:00,32116,387
11:08:54:1588936134+00:00,32116,387
11:08:55:1588936135+00:00,32116,387
11:08:56:1588936136+00:00,32116,387
11:08:57:1588936137+00:00,32116,388
11:08:58:1588936138+00:00,32116,387
11:08:59:1588936139+00:00,32116,388
11:09:00:1588936140+00:00,32116,388
11:09:01:1588936141+00:00,32116,388
11:09:02:1588936142+00:00,32116,388
11:09:03:1588936143+00:00,32116,389
11:09:04:1588936144+00:00,32116,388
11:09:05:1588936145+00:00,32116,388
11:09:06:1588936146+00:00,32116,388
11:09:07:1588936147+00:00,32116,388
11:09:08:1588936148+00:00,32116,389
11:09:09:1588936149+00:00,32116,389
11:09:10:1588936150+00:00,32116,389
11:09:11:1588936151+00:00,32116,389
11:09:12:1588936152+00:00,32116,389
11:09:13:1588936153+00:00,32116,389
11:09:14:1588936154+00:00,32116,389
11:09:15:1588936155+00:00,32116,390
11:09:16:1588936156+00:00,32116,390
11:09:17:1588936157+00:00,32116,390
11:09:18:1588936158+00:00,32116,390
11:09:19:1588936159+00:00,32116,390
11:09:20:1588936160+00:00,32116,390
11:09:21:1588936161+00:00,32116,391
11:09:22:1588936162+00:00,32116,391
11:09:23:1588936163+00:00,32116,391
11:09:24:1588936164+00:00,32116,391
11:09:25:1588936165+00:00,32116,391
11:09:26:1588936166+00:00,32116,391
11:09:27:1588936167+00:00,32116,392
11:09:28:1588936168+00:00,32116,392
11:09:29:1588936169+00:00,32116,392
11:09:30:1588936170+00:00,32116,392
11:09:31:1588936171+00:00,32116,392
11:09:32:1588936172+00:00,32116,392
11:09:33:1588936173+00:00,32116,392
11:09:34:1588936174+00:00,32116,392
11:09:35:1588936175+00:00,32116,393
11:09:36:1588936176+00:00,32116,393
11:09:37:1588936177+00:00,32116,393
11:09:38:1588936178+00:00,32116,393
11:09:39:1588936179+00:00,32116,393
11:09:40:1588936180+00:00,32116,393
11:09:41:1588936181+00:00,32116,393
11:09:42:1588936182+00:00,32116,393
11:09:43:1588936183+00:00,32116,393
11:09:44:1588936184+00:00,32116,394
11:09:45:1588936185+00:00,32116,394
11:09:46:1588936186+00:00,32116,394
11:09:47:1588936187+00:00,32116,394
11:09:48:1588936188+00:00,32116,394
11:09:49:1588936189+00:00,32116,394
11:09:50:1588936190+00:00,32116,394
11:09:51:1588936191+00:00,32116,394
11:09:52:1588936192+00:00,32116,395
11:09:53:1588936193+00:00,32116,395
11:09:54:1588936194+00:00,32116,395
11:09:55:1588936195+00:00,32116,395
11:09:56:1588936196+00:00,32116,396
11:09:57:1588936197+00:00,32116,396
11:09:58:1588936198+00:00,32116,395
11:09:59:1588936199+00:00,32116,395
11:10:00:1588936200+00:00,32116,396
11:10:01:1588936201+00:00,32116,396
11:10:02:1588936202+00:00,32116,397
11:10:03:1588936203+00:00,32116,396
11:10:04:1588936204+00:00,32116,396
11:10:05:1588936205+00:00,32116,396
11:10:06:1588936206+00:00,32116,396
11:10:07:1588936207+00:00,32116,396
11:10:08:1588936208+00:00,32116,397
11:10:09:1588936209+00:00,32116,397
11:10:10:1588936210+00:00,32116,397
11:10:11:1588936211+00:00,32116,398
11:10:12:1588936212+00:00,32116,398
11:10:13:1588936213+00:00,32116,397
11:10:14:1588936214+00:00,32116,397
11:10:15:1588936215+00:00,32116,397
11:10:16:1588936216+00:00,32116,397
11:10:17:1588936217+00:00,32116,397
11:10:18:1588936218+00:00,32116,398
11:10:19:1588936219+00:00,32116,398
11:10:20:1588936220+00:00,32116,398
11:10:21:1588936221+00:00,32116,398
11:10:22:1588936222+00:00,32116,399
11:10:23:1588936223+00:00,32116,398
11:10:24:1588936224+00:00,32116,399
11:10:25:1588936225+00:00,32116,399
11:10:26:1588936226+00:00,32116,399
11:10:27:1588936227+00:00,32116,399
11:10:28:1588936228+00:00,32116,400
11:10:29:1588936229+00:00,32116,400
11:10:30:1588936230+00:00,32116,400
11:10:31:1588936231+00:00,32116,400
11:10:32:1588936232+00:00,32116,399
11:10:33:1588936233+00:00,32116,400
11:10:34:1588936234+00:00,32116,400
11:10:35:1588936235+00:00,32116,400
11:10:36:1588936236+00:00,32116,400
11:10:37:1588936237+00:00,32116,400
11:10:38:1588936238+00:00,32116,400
11:10:39:1588936239+00:00,32116,400
11:10:40:1588936240+00:00,32116,400
11:10:41:1588936241+00:00,32116,400
11:10:42:1588936242+00:00,32116,401
11:10:43:1588936243+00:00,32116,401
11:10:44:1588936244+00:00,32116,401
11:10:45:1588936245+00:00,32116,401
11:10:46:1588936246+00:00,32116,401
11:10:47:1588936247+00:00,32116,402
11:10:48:1588936248+00:00,32116,402
11:10:49:1588936249+00:00,32116,402
11:10:50:1588936250+00:00,32116,402
11:10:51:1588936251+00:00,32116,402
11:10:52:1588936252+00:00,32116,402
11:10:53:1588936253+00:00,32116,402
11:10:54:1588936254+00:00,32116,402
11:10:55:1588936255+00:00,32116,402
11:10:56:1588936256+00:00,32116,403
11:10:57:1588936257+00:00,32116,403
11:10:58:1588936258+00:00,32116,403
11:10:59:1588936259+00:00,32116,403
11:11:00:1588936260+00:00,32116,403
11:11:01:1588936261+00:00,32116,403
11:11:02:1588936262+00:00,32116,404
11:11:03:1588936263+00:00,32116,404
11:11:04:1588936264+00:00,32116,404
11:11:05:1588936265+00:00,32116,404
11:11:06:1588936266+00:00,32116,404
11:11:07:1588936267+00:00,32116,404
11:11:08:1588936268+00:00,32116,405
11:11:09:1588936269+00:00,32116,404
11:11:10:1588936270+00:00,32116,405
11:11:11:1588936271+00:00,32116,405
11:11:12:1588936272+00:00,32116,405
11:11:13:1588936273+00:00,32116,405
11:11:14:1588936274+00:00,32116,405
11:11:15:1588936275+00:00,32116,405
11:11:16:1588936276+00:00,32116,405
11:11:17:1588936277+00:00,32116,405
11:11:18:1588936278+00:00,32116,405
11:11:19:1588936279+00:00,32116,406
11:11:20:1588936280+00:00,32116,406
11:11:21:1588936281+00:00,32116,406
11:11:22:1588936282+00:00,32116,407
11:11:23:1588936283+00:00,32116,406
11:11:24:1588936284+00:00,32116,407
11:11:25:1588936285+00:00,32116,407
11:11:26:1588936286+00:00,32116,407
11:11:28:1588936288+00:00,32116,407
11:11:29:1588936289+00:00,32116,407
11:11:30:1588936290+00:00,32116,407
11:11:31:1588936291+00:00,32116,407
11:11:32:1588936292+00:00,32116,408
11:11:33:1588936293+00:00,32116,408
11:11:34:1588936294+00:00,32116,408
11:11:35:1588936295+00:00,32116,408
11:11:36:1588936296+00:00,32116,408
11:11:37:1588936297+00:00,32116,408
11:11:38:1588936298+00:00,32116,408
11:11:39:1588936299+00:00,32116,408
11:11:40:1588936300+00:00,32116,408
11:11:41:1588936301+00:00,32116,408
11:11:42:1588936302+00:00,32116,408
11:11:43:1588936303+00:00,32116,409
11:11:44:1588936304+00:00,32116,409
11:11:45:1588936305+00:00,32116,409
11:11:46:1588936306+00:00,32116,410
11:11:47:1588936307+00:00,32116,410
11:11:48:1588936308+00:00,32116,410
11:11:49:1588936309+00:00,32116,410
11:11:50:1588936310+00:00,32116,410
11:11:51:1588936311+00:00,32116,410
11:11:52:1588936312+00:00,32116,411
11:11:53:1588936313+00:00,32116,411
11:11:54:1588936314+00:00,32116,411
11:11:55:1588936315+00:00,32116,411
11:11:56:1588936316+00:00,32116,411
11:11:57:1588936317+00:00,32116,411
11:11:58:1588936318+00:00,32116,411
11:11:59:1588936319+00:00,32116,412
11:12:00:1588936320+00:00,32116,412
11:12:01:1588936321+00:00,32116,412
11:12:02:1588936322+00:00,32116,412
11:12:03:1588936323+00:00,32116,412
11:12:04:1588936324+00:00,32116,412
11:12:05:1588936325+00:00,32116,413
11:12:06:1588936326+00:00,32116,413
11:12:07:1588936327+00:00,32116,413
11:12:08:1588936328+00:00,32116,413
11:12:09:1588936329+00:00,32116,413
11:12:10:1588936330+00:00,32116,413
11:12:11:1588936331+00:00,32116,413
11:12:12:1588936332+00:00,32116,414
11:12:13:1588936333+00:00,32116,414
11:12:14:1588936334+00:00,32116,414
11:12:15:1588936335+00:00,32116,414
11:12:16:1588936336+00:00,32116,414
11:12:17:1588936337+00:00,32116,414
11:12:18:1588936338+00:00,32116,414
11:12:19:1588936339+00:00,32116,414
11:12:20:1588936340+00:00,32116,415
11:12:21:1588936341+00:00,32116,415
11:12:22:1588936342+00:00,32116,415
11:12:23:1588936343+00:00,32116,416
11:12:24:1588936344+00:00,32116,416
11:12:25:1588936345+00:00,32116,416
11:12:26:1588936346+00:00,32116,416
11:12:27:1588936347+00:00,32116,416
11:12:28:1588936348+00:00,32116,416
11:12:29:1588936349+00:00,32116,417
11:12:30:1588936350+00:00,32116,417
11:12:31:1588936351+00:00,32116,417
11:12:32:1588936352+00:00,32116,417
11:12:33:1588936353+00:00,32116,417
11:12:34:1588936354+00:00,32116,417
11:12:35:1588936355+00:00,32116,417
11:12:36:1588936356+00:00,32116,417
11:12:37:1588936357+00:00,32116,417
11:12:38:1588936358+00:00,32116,418
11:12:39:1588936359+00:00,32116,418
11:12:40:1588936360+00:00,32116,418
11:12:41:1588936361+00:00,32116,419
11:12:42:1588936362+00:00,32116,418
11:12:43:1588936363+00:00,32116,418
11:12:44:1588936364+00:00,32116,419
11:12:45:1588936365+00:00,32116,419
11:12:46:1588936366+00:00,32116,419
11:12:47:1588936367+00:00,32116,419
11:12:48:1588936368+00:00,32116,419
11:12:49:1588936369+00:00,32116,419
11:12:50:1588936370+00:00,32116,419
11:12:51:1588936371+00:00,32116,419
11:12:52:1588936372+00:00,32116,420
11:12:53:1588936373+00:00,32116,420
11:12:54:1588936374+00:00,32116,420
11:12:55:1588936375+00:00,32116,420
11:12:56:1588936376+00:00,32116,420
11:12:57:1588936377+00:00,32116,421
11:12:58:1588936378+00:00,32116,421
11:12:59:1588936379+00:00,32116,421
11:13:00:1588936380+00:00,32116,421
11:13:01:1588936381+00:00,32116,421
11:13:02:1588936382+00:00,32116,421
11:13:03:1588936383+00:00,32116,422
11:13:04:1588936384+00:00,32116,422
11:13:05:1588936385+00:00,32116,422
11:13:06:1588936386+00:00,32116,422
11:13:07:1588936387+00:00,32116,422
11:13:08:1588936388+00:00,32116,423
11:13:09:1588936389+00:00,32116,423
11:13:10:1588936390+00:00,32116,423
11:13:11:1588936391+00:00,32116,423
11:13:12:1588936392+00:00,32116,423
11:13:13:1588936393+00:00,32116,423
11:13:14:1588936394+00:00,32116,424
11:13:15:1588936395+00:00,32116,424
11:13:16:1588936396+00:00,32116,423
11:13:17:1588936397+00:00,32116,424
11:13:18:1588936398+00:00,32116,424
11:13:19:1588936399+00:00,32116,424
11:13:20:1588936400+00:00,32116,424
11:13:21:1588936401+00:00,32116,425
11:13:22:1588936402+00:00,32116,425
11:13:23:1588936403+00:00,32116,425
11:13:24:1588936404+00:00,32116,425
11:13:25:1588936405+00:00,32116,425
11:13:26:1588936406+00:00,32116,425
11:13:27:1588936407+00:00,32116,425
11:13:28:1588936408+00:00,32116,425
11:13:29:1588936409+00:00,32116,426
11:13:30:1588936410+00:00,32116,426
11:13:31:1588936411+00:00,32116,426
11:13:32:1588936412+00:00,32116,426
11:13:33:1588936413+00:00,32116,427
11:13:34:1588936414+00:00,32116,427
11:13:35:1588936415+00:00,32116,427
11:13:36:1588936416+00:00,32116,427
11:13:37:1588936417+00:00,32116,427
11:13:38:1588936418+00:00,32116,427
11:13:39:1588936419+00:00,32116,428
11:13:40:1588936420+00:00,32116,428
11:13:41:1588936421+00:00,32116,428
11:13:42:1588936422+00:00,32116,428
11:13:43:1588936423+00:00,32116,429
11:13:44:1588936424+00:00,32116,428
11:13:45:1588936425+00:00,32116,428
11:13:46:1588936426+00:00,32116,428
11:13:47:1588936427+00:00,32116,429
11:13:48:1588936428+00:00,32116,429
11:13:49:1588936429+00:00,32116,429
11:13:50:1588936430+00:00,32116,429
11:13:51:1588936431+00:00,32116,430
11:13:52:1588936432+00:00,32116,430
11:13:53:1588936433+00:00,32116,430
11:13:54:1588936434+00:00,32116,430
11:13:55:1588936435+00:00,32116,430
11:13:56:1588936436+00:00,32116,430
11:13:57:1588936437+00:00,32116,430
11:13:58:1588936438+00:00,32116,431
11:13:59:1588936439+00:00,32116,431
11:14:00:1588936440+00:00,32116,431
11:14:01:1588936441+00:00,32116,431
11:14:02:1588936442+00:00,32116,431
11:14:03:1588936443+00:00,32116,432
11:14:04:1588936444+00:00,32116,432
11:14:05:1588936445+00:00,32116,431
11:14:06:1588936446+00:00,32116,432
11:14:07:1588936447+00:00,32116,432
11:14:08:1588936448+00:00,32116,432
11:14:09:1588936449+00:00,32116,433
11:14:11:1588936451+00:00,32116,433
11:14:12:1588936452+00:00,32116,433
11:14:13:1588936453+00:00,32116,433
11:14:14:1588936454+00:00,32116,433
11:14:15:1588936455+00:00,32116,433
11:14:16:1588936456+00:00,32116,433
11:14:17:1588936457+00:00,32116,433
11:14:18:1588936458+00:00,32116,433
11:14:19:1588936459+00:00,32116,433
11:14:20:1588936460+00:00,32116,434
11:14:21:1588936461+00:00,32116,434
11:14:22:1588936462+00:00,32116,434
11:14:23:1588936463+00:00,32116,434
11:14:24:1588936464+00:00,32116,434
11:14:25:1588936465+00:00,32116,434
11:14:26:1588936466+00:00,32116,435
11:14:27:1588936467+00:00,32116,435
11:14:28:1588936468+00:00,32116,435
11:14:29:1588936469+00:00,32116,435
11:14:30:1588936470+00:00,32116,436
11:14:31:1588936471+00:00,32116,436
11:14:32:1588936472+00:00,32116,436
11:14:33:1588936473+00:00,32116,436
11:14:34:1588936474+00:00,32116,436
11:14:35:1588936475+00:00,32116,437
11:14:36:1588936476+00:00,32116,436
11:14:37:1588936477+00:00,32116,437
11:14:38:1588936478+00:00,32116,437
11:14:39:1588936479+00:00,32116,437
11:14:40:1588936480+00:00,32116,437
11:14:41:1588936481+00:00,32116,437
11:14:42:1588936482+00:00,32116,438
11:14:43:1588936483+00:00,32116,438
11:14:44:1588936484+00:00,32116,438
11:14:45:1588936485+00:00,32116,438
11:14:46:1588936486+00:00,32116,438
11:14:47:1588936487+00:00,32116,438
11:14:48:1588936488+00:00,32116,439
11:14:49:1588936489+00:00,32116,439
11:14:50:1588936490+00:00,32116,439
11:14:51:1588936491+00:00,32116,439
11:14:52:1588936492+00:00,32116,439
11:14:53:1588936493+00:00,32116,440
11:14:54:1588936494+00:00,32116,440
11:14:55:1588936495+00:00,32116,440
11:14:56:1588936496+00:00,32116,440
11:14:57:1588936497+00:00,32116,440
11:14:58:1588936498+00:00,32116,440
11:14:59:1588936499+00:00,32116,441
11:15:00:1588936500+00:00,32116,441
11:15:01:1588936501+00:00,32116,441
11:15:02:1588936502+00:00,32116,441
11:15:03:1588936503+00:00,32116,441
11:15:04:1588936504+00:00,32116,441
11:15:05:1588936505+00:00,32116,441
11:15:06:1588936506+00:00,32116,442
11:15:07:1588936507+00:00,32116,442
11:15:08:1588936508+00:00,32116,442
11:15:09:1588936509+00:00,32116,442
11:15:10:1588936510+00:00,32116,442
11:15:11:1588936511+00:00,32116,442
11:15:12:1588936512+00:00,32116,443
11:15:13:1588936513+00:00,32116,443
11:15:14:1588936514+00:00,32116,443
11:15:15:1588936515+00:00,32116,443
11:15:16:1588936516+00:00,32116,443
11:15:17:1588936517+00:00,32116,444
11:15:18:1588936518+00:00,32116,444
11:15:19:1588936519+00:00,32116,444
11:15:20:1588936520+00:00,32116,444
11:15:21:1588936521+00:00,32116,444
11:15:22:1588936522+00:00,32116,445
11:15:23:1588936523+00:00,32116,445
11:15:24:1588936524+00:00,32116,445
11:15:25:1588936525+00:00,32116,445
11:15:26:1588936526+00:00,32116,445
11:15:27:1588936527+00:00,32116,445
11:15:28:1588936528+00:00,32116,445
11:15:29:1588936529+00:00,32116,446
11:15:30:1588936530+00:00,32116,446
11:15:31:1588936531+00:00,32116,446
11:15:32:1588936532+00:00,32116,446
11:15:33:1588936533+00:00,32116,446
11:15:34:1588936534+00:00,32116,446
11:15:35:1588936535+00:00,32116,447
11:15:36:1588936536+00:00,32116,447
11:15:37:1588936537+00:00,32116,447
11:15:38:1588936538+00:00,32116,447
11:15:39:1588936539+00:00,32116,447
11:15:40:1588936540+00:00,32116,447
11:15:41:1588936541+00:00,32116,447
11:15:42:1588936542+00:00,32116,448
11:15:43:1588936543+00:00,32116,448
11:15:44:1588936544+00:00,32116,448
11:15:45:1588936545+00:00,32116,448
11:15:46:1588936546+00:00,32116,449
11:15:47:1588936547+00:00,32116,449
11:15:48:1588936548+00:00,32116,449
11:15:49:1588936549+00:00,32116,449
11:15:50:1588936550+00:00,32116,449
11:15:51:1588936551+00:00,32116,450
11:15:52:1588936552+00:00,32116,450
11:15:53:1588936553+00:00,32116,450
11:15:54:1588936554+00:00,32116,450
11:15:55:1588936555+00:00,32116,450
11:15:56:1588936556+00:00,32116,450
11:15:57:1588936557+00:00,32116,451
11:15:58:1588936558+00:00,32116,451
11:15:59:1588936559+00:00,32116,451
11:16:00:1588936560+00:00,32116,450
11:16:01:1588936561+00:00,32116,450
11:16:02:1588936562+00:00,32116,451
11:16:03:1588936563+00:00,32116,451
11:16:04:1588936564+00:00,32116,452
11:16:05:1588936565+00:00,32116,452
11:16:06:1588936566+00:00,32116,452
11:16:07:1588936567+00:00,32116,452
11:16:08:1588936568+00:00,32116,452
11:16:09:1588936569+00:00,32116,452
11:16:10:1588936570+00:00,32116,452
11:16:11:1588936571+00:00,32116,453
11:16:12:1588936572+00:00,32116,453
11:16:13:1588936573+00:00,32116,453
11:16:14:1588936574+00:00,32116,454
11:16:15:1588936575+00:00,32116,453
11:16:16:1588936576+00:00,32116,453
11:16:17:1588936577+00:00,32116,454
11:16:18:1588936578+00:00,32116,454
11:16:19:1588936579+00:00,32116,454
11:16:20:1588936580+00:00,32116,454
11:16:21:1588936581+00:00,32116,455
11:16:22:1588936582+00:00,32116,455
11:16:23:1588936583+00:00,32116,455
11:16:24:1588936584+00:00,32116,455
11:16:25:1588936585+00:00,32116,455
11:16:26:1588936586+00:00,32116,455
11:16:27:1588936587+00:00,32116,456
11:16:28:1588936588+00:00,32116,456
11:16:29:1588936589+00:00,32116,456
11:16:30:1588936590+00:00,32116,456
11:16:31:1588936591+00:00,32116,457
11:16:32:1588936592+00:00,32116,457
11:16:33:1588936593+00:00,32116,457
11:16:34:1588936594+00:00,32116,457
11:16:35:1588936595+00:00,32116,457
11:16:36:1588936596+00:00,32116,457
11:16:37:1588936597+00:00,32116,457
11:16:38:1588936598+00:00,32116,457
11:16:39:1588936599+00:00,32116,458
11:16:40:1588936600+00:00,32116,458
11:16:41:1588936601+00:00,32116,458
11:16:42:1588936602+00:00,32116,458
11:16:43:1588936603+00:00,32116,458
11:16:44:1588936604+00:00,32116,459
11:16:45:1588936605+00:00,32116,459
11:16:46:1588936606+00:00,32116,459
11:16:47:1588936607+00:00,32116,459
11:16:48:1588936608+00:00,32116,459
11:16:49:1588936609+00:00,32116,460
11:16:50:1588936610+00:00,32116,460
11:16:52:1588936612+00:00,32116,460
11:16:53:1588936613+00:00,32116,460
11:16:54:1588936614+00:00,32116,460
11:16:55:1588936615+00:00,32116,461
11:16:56:1588936616+00:00,32116,461
11:16:57:1588936617+00:00,32116,461
11:16:58:1588936618+00:00,32116,461
11:16:59:1588936619+00:00,32116,461
11:17:00:1588936620+00:00,32116,461
11:17:01:1588936621+00:00,32116,462
11:17:02:1588936622+00:00,32116,462
11:17:03:1588936623+00:00,32116,461
11:17:04:1588936624+00:00,32116,462
11:17:05:1588936625+00:00,32116,462
11:17:06:1588936626+00:00,32116,462
11:17:07:1588936627+00:00,32116,463
11:17:08:1588936628+00:00,32116,463
11:17:09:1588936629+00:00,32116,463
11:17:10:1588936630+00:00,32116,463
11:17:11:1588936631+00:00,32116,464
11:17:12:1588936632+00:00,32116,464
11:17:13:1588936633+00:00,32116,464
11:17:14:1588936634+00:00,32116,464
11:17:15:1588936635+00:00,32116,464
11:17:16:1588936636+00:00,32116,465
11:17:17:1588936637+00:00,32116,464
11:17:18:1588936638+00:00,32116,465
11:17:19:1588936639+00:00,32116,465
11:17:20:1588936640+00:00,32116,465
11:17:21:1588936641+00:00,32116,466
11:17:22:1588936642+00:00,32116,465
11:17:23:1588936643+00:00,32116,466
11:17:24:1588936644+00:00,32116,466
11:17:25:1588936645+00:00,32116,466
11:17:26:1588936646+00:00,32116,467
11:17:27:1588936647+00:00,32116,467
11:17:28:1588936648+00:00,32116,467
11:17:29:1588936649+00:00,32116,467
11:17:30:1588936650+00:00,32116,467
11:17:31:1588936651+00:00,32116,467
11:17:32:1588936652+00:00,32116,467
11:17:33:1588936653+00:00,32116,467
11:17:34:1588936654+00:00,32116,468
11:17:35:1588936655+00:00,32116,468
11:17:36:1588936656+00:00,32116,468
11:17:37:1588936657+00:00,32116,469
11:17:38:1588936658+00:00,32116,469
11:17:39:1588936659+00:00,32116,468
11:17:40:1588936660+00:00,32116,469
11:17:41:1588936661+00:00,32116,469
11:17:42:1588936662+00:00,32116,469
11:17:43:1588936663+00:00,32116,470
11:17:44:1588936664+00:00,32116,470
11:17:45:1588936665+00:00,32116,470
11:17:46:1588936666+00:00,32116,470
11:17:47:1588936667+00:00,32116,470
11:17:48:1588936668+00:00,32116,470
11:17:49:1588936669+00:00,32116,471
11:17:50:1588936670+00:00,32116,471
11:17:51:1588936671+00:00,32116,471
11:17:52:1588936672+00:00,32116,471
11:17:53:1588936673+00:00,32116,471
11:17:54:1588936674+00:00,32116,471
11:17:55:1588936675+00:00,32116,472
11:17:56:1588936676+00:00,32116,472
11:17:57:1588936677+00:00,32116,472
11:17:58:1588936678+00:00,32116,472
11:17:59:1588936679+00:00,32116,473
11:18:00:1588936680+00:00,32116,473
11:18:01:1588936681+00:00,32116,473
11:18:02:1588936682+00:00,32116,473
11:18:03:1588936683+00:00,32116,474
11:18:04:1588936684+00:00,32116,473
11:18:05:1588936685+00:00,32116,473
11:18:06:1588936686+00:00,32116,474
11:18:07:1588936687+00:00,32116,474
11:18:08:1588936688+00:00,32116,474
11:18:09:1588936689+00:00,32116,475
11:18:10:1588936690+00:00,32116,475
11:18:11:1588936691+00:00,32116,475
11:18:12:1588936692+00:00,32116,475
11:18:13:1588936693+00:00,32116,475
11:18:14:1588936694+00:00,32116,475
11:18:15:1588936695+00:00,32116,476
11:18:16:1588936696+00:00,32116,476
11:18:17:1588936697+00:00,32116,476
11:18:18:1588936698+00:00,32116,476
11:18:19:1588936699+00:00,32116,477
11:18:20:1588936700+00:00,32116,477
11:18:21:1588936701+00:00,32116,476
11:18:22:1588936702+00:00,32116,477
11:18:23:1588936703+00:00,32116,477
11:18:24:1588936704+00:00,32116,477
11:18:25:1588936705+00:00,32116,477
11:18:26:1588936706+00:00,32116,478
11:18:27:1588936707+00:00,32116,478
11:18:28:1588936708+00:00,32116,478
11:18:29:1588936709+00:00,32116,478
11:18:30:1588936710+00:00,32116,479
11:18:31:1588936711+00:00,32116,479
11:18:32:1588936712+00:00,32116,479
11:18:33:1588936713+00:00,32116,479
11:18:34:1588936714+00:00,32116,480
11:18:35:1588936715+00:00,32116,480
11:18:36:1588936716+00:00,32116,480
11:18:37:1588936717+00:00,32116,480
11:18:38:1588936718+00:00,32116,480
11:18:39:1588936719+00:00,32116,481
11:18:40:1588936720+00:00,32116,481
11:18:41:1588936721+00:00,32116,481
11:18:42:1588936722+00:00,32116,481
11:18:43:1588936723+00:00,32116,481
11:18:44:1588936724+00:00,32116,482
11:18:45:1588936725+00:00,32116,482
11:18:46:1588936726+00:00,32116,482
11:18:47:1588936727+00:00,32116,483
11:18:48:1588936728+00:00,32116,483
11:18:49:1588936729+00:00,32116,483
11:18:50:1588936730+00:00,32116,483
11:18:51:1588936731+00:00,32116,483
11:18:52:1588936732+00:00,32116,483
11:18:53:1588936733+00:00,32116,483
11:18:54:1588936734+00:00,32116,483
11:18:55:1588936735+00:00,32116,483
11:18:56:1588936736+00:00,32116,484
11:18:57:1588936737+00:00,32116,484
11:18:58:1588936738+00:00,32116,484
11:18:59:1588936739+00:00,32116,485
11:19:00:1588936740+00:00,32116,485
11:19:01:1588936741+00:00,32116,485
11:19:02:1588936742+00:00,32116,485
11:19:03:1588936743+00:00,32116,486
11:19:04:1588936744+00:00,32116,485
11:19:05:1588936745+00:00,32116,486
11:19:06:1588936746+00:00,32116,486
11:19:07:1588936747+00:00,32116,486
11:19:08:1588936748+00:00,32116,487
11:19:09:1588936749+00:00,32116,487
11:19:10:1588936750+00:00,32116,488
11:19:11:1588936751+00:00,32116,488
11:19:12:1588936752+00:00,32116,488
11:19:13:1588936753+00:00,32116,488
11:19:14:1588936754+00:00,32116,488
11:19:15:1588936755+00:00,32116,488
11:19:16:1588936756+00:00,32116,488
11:19:17:1588936757+00:00,32116,489
11:19:18:1588936758+00:00,32116,489
11:19:19:1588936759+00:00,32116,489
11:19:20:1588936760+00:00,32116,489
11:19:21:1588936761+00:00,32116,489
11:19:22:1588936762+00:00,32116,490
11:19:23:1588936763+00:00,32116,490
11:19:25:1588936765+00:00,32116,490
11:19:26:1588936766+00:00,32116,491
11:19:27:1588936767+00:00,32116,491
11:19:28:1588936768+00:00,32116,491
11:19:29:1588936769+00:00,32116,491
11:19:30:1588936770+00:00,32116,491
11:19:31:1588936771+00:00,32116,492
11:19:32:1588936772+00:00,32116,491
11:19:33:1588936773+00:00,32116,492
11:19:34:1588936774+00:00,32116,492
11:19:35:1588936775+00:00,32116,492
11:19:36:1588936776+00:00,32116,492
11:19:37:1588936777+00:00,32116,492
11:19:38:1588936778+00:00,32116,493
11:19:39:1588936779+00:00,32116,493
11:19:40:1588936780+00:00,32116,493
11:19:41:1588936781+00:00,32116,493
11:19:42:1588936782+00:00,32116,494
11:19:43:1588936783+00:00,32116,494
11:19:44:1588936784+00:00,32116,494
11:19:45:1588936785+00:00,32116,494
11:19:46:1588936786+00:00,32116,495
11:19:47:1588936787+00:00,32116,495
11:19:48:1588936788+00:00,32116,495
11:19:49:1588936789+00:00,32116,495
11:19:50:1588936790+00:00,32116,496
11:19:51:1588936791+00:00,32116,496
11:19:52:1588936792+00:00,32116,496
11:19:53:1588936793+00:00,32116,496
11:19:54:1588936794+00:00,32116,496
11:19:55:1588936795+00:00,32116,497
11:19:56:1588936796+00:00,32116,497
11:19:57:1588936797+00:00,32116,497
11:19:58:1588936798+00:00,32116,497
11:19:59:1588936799+00:00,32116,497
11:20:00:1588936800+00:00,32116,497
11:20:01:1588936801+00:00,32116,498
11:20:02:1588936802+00:00,32116,498
11:20:03:1588936803+00:00,32116,498
11:20:04:1588936804+00:00,32116,499
11:20:05:1588936805+00:00,32116,499
11:20:06:1588936806+00:00,32116,499
11:20:07:1588936807+00:00,32116,499
11:20:08:1588936808+00:00,32116,500
11:20:09:1588936809+00:00,32116,500
11:20:10:1588936810+00:00,32116,500
11:20:11:1588936811+00:00,32116,500
11:20:12:1588936812+00:00,32116,500
11:20:13:1588936813+00:00,32116,500
11:20:14:1588936814+00:00,32116,501
11:20:15:1588936815+00:00,32116,501
11:20:16:1588936816+00:00,32116,501
11:20:17:1588936817+00:00,32116,501
11:20:18:1588936818+00:00,32116,502
11:20:19:1588936819+00:00,32116,502
11:20:20:1588936820+00:00,32116,502
11:20:21:1588936821+00:00,32116,502
11:20:22:1588936822+00:00,32116,503
11:20:23:1588936823+00:00,32116,503
11:20:24:1588936824+00:00,32116,503
11:20:25:1588936825+00:00,32116,504
11:20:26:1588936826+00:00,32116,504
11:20:27:1588936827+00:00,32116,504
11:20:28:1588936828+00:00,32116,505
11:20:29:1588936829+00:00,32116,505
11:20:30:1588936830+00:00,32116,505
11:20:31:1588936831+00:00,32116,505
11:20:32:1588936832+00:00,32116,505
11:20:33:1588936833+00:00,32116,505
11:20:34:1588936834+00:00,32116,505
11:20:35:1588936835+00:00,32116,506
11:20:36:1588936836+00:00,32116,506
11:20:37:1588936837+00:00,32116,507
11:20:38:1588936838+00:00,32116,507
11:20:39:1588936839+00:00,32116,507
11:20:40:1588936840+00:00,32116,507
11:20:41:1588936841+00:00,32116,507
11:20:42:1588936842+00:00,32116,508
11:20:43:1588936843+00:00,32116,508
11:20:44:1588936844+00:00,32116,508
11:20:45:1588936845+00:00,32116,508
11:20:46:1588936846+00:00,32116,509
11:20:47:1588936847+00:00,32116,509
11:20:48:1588936848+00:00,32116,509
11:20:49:1588936849+00:00,32116,510
11:20:50:1588936850+00:00,32116,509
11:20:51:1588936851+00:00,32116,510
11:20:52:1588936852+00:00,32116,510
11:20:53:1588936853+00:00,32116,510
11:20:54:1588936854+00:00,32116,510
11:20:55:1588936855+00:00,32116,511
11:20:56:1588936856+00:00,32116,511
11:20:57:1588936857+00:00,32116,511
11:20:58:1588936858+00:00,32116,512
11:20:59:1588936859+00:00,32116,511
11:21:00:1588936860+00:00,32116,512
11:21:01:1588936861+00:00,32116,512
11:21:02:1588936862+00:00,32116,512
11:21:03:1588936863+00:00,32116,512
11:21:04:1588936864+00:00,32116,513
11:21:05:1588936865+00:00,32116,513
11:21:06:1588936866+00:00,32116,513
11:21:07:1588936867+00:00,32116,514
11:21:08:1588936868+00:00,32116,513
11:21:09:1588936869+00:00,32116,514
11:21:10:1588936870+00:00,32116,514
11:21:11:1588936871+00:00,32116,514
11:21:12:1588936872+00:00,32116,514
11:21:13:1588936873+00:00,32116,515
11:21:14:1588936874+00:00,32116,515
11:21:15:1588936875+00:00,32116,515
11:21:16:1588936876+00:00,32116,515
11:21:17:1588936877+00:00,32116,516
11:21:18:1588936878+00:00,32116,516
11:21:19:1588936879+00:00,32116,516
11:21:20:1588936880+00:00,32116,516
11:21:21:1588936881+00:00,32116,517
11:21:22:1588936882+00:00,32116,517
11:21:23:1588936883+00:00,32116,517
11:21:24:1588936884+00:00,32116,517
11:21:25:1588936885+00:00,32116,518
11:21:26:1588936886+00:00,32116,518
11:21:27:1588936887+00:00,32116,519
11:21:28:1588936888+00:00,32116,519
11:21:29:1588936889+00:00,32116,518
11:21:30:1588936890+00:00,32116,519
11:21:31:1588936891+00:00,32116,519
11:21:32:1588936892+00:00,32116,519
11:21:33:1588936893+00:00,32116,520
11:21:34:1588936894+00:00,32116,520
11:21:35:1588936895+00:00,32116,520
11:21:36:1588936896+00:00,32116,521
11:21:37:1588936897+00:00,32116,520
11:21:38:1588936898+00:00,32116,521
11:21:39:1588936899+00:00,32116,521
11:21:40:1588936900+00:00,32116,521
11:21:41:1588936901+00:00,32116,522
11:21:42:1588936902+00:00,32116,522
11:21:43:1588936903+00:00,32116,522
11:21:44:1588936904+00:00,32116,523
11:21:45:1588936905+00:00,32116,523
11:21:46:1588936906+00:00,32116,523
11:21:47:1588936907+00:00,32116,523
11:21:48:1588936908+00:00,32116,524
11:21:49:1588936909+00:00,32116,524
11:21:50:1588936910+00:00,32116,524
11:21:51:1588936911+00:00,32116,524
11:21:52:1588936912+00:00,32116,524
11:21:53:1588936913+00:00,32116,524
11:21:54:1588936914+00:00,32116,525
11:21:55:1588936915+00:00,32116,525
11:21:56:1588936916+00:00,32116,525
11:21:57:1588936917+00:00,32116,525
11:21:58:1588936918+00:00,32116,526
11:21:59:1588936919+00:00,32116,526
11:22:00:1588936920+00:00,32116,526
11:22:01:1588936921+00:00,32116,526
11:22:02:1588936922+00:00,32116,527
11:22:03:1588936923+00:00,32116,527
11:22:04:1588936924+00:00,32116,527
11:22:06:1588936926+00:00,32116,527
11:22:07:1588936927+00:00,32116,528
11:22:08:1588936928+00:00,32116,528
11:22:09:1588936929+00:00,32116,528
11:22:10:1588936930+00:00,32116,529
11:22:11:1588936931+00:00,32116,529
11:22:12:1588936932+00:00,32116,529
11:22:13:1588936933+00:00,32116,530
11:22:14:1588936934+00:00,32116,530
11:22:15:1588936935+00:00,32116,530
11:22:16:1588936936+00:00,32116,531
11:22:17:1588936937+00:00,32116,530
11:22:18:1588936938+00:00,32116,531
11:22:19:1588936939+00:00,32116,531
11:22:20:1588936940+00:00,32116,532
11:22:21:1588936941+00:00,32116,532
11:22:22:1588936942+00:00,32116,532
11:22:23:1588936943+00:00,32116,533
11:22:24:1588936944+00:00,32116,533
11:22:25:1588936945+00:00,32116,533
11:22:26:1588936946+00:00,32116,533
11:22:27:1588936947+00:00,32116,533
11:22:28:1588936948+00:00,32116,533
11:22:29:1588936949+00:00,32116,534
11:22:30:1588936950+00:00,32116,534
11:22:31:1588936951+00:00,32116,535
11:22:32:1588936952+00:00,32116,535
11:22:33:1588936953+00:00,32116,535
11:22:34:1588936954+00:00,32116,535
11:22:35:1588936955+00:00,32116,535
11:22:36:1588936956+00:00,32116,536
11:22:37:1588936957+00:00,32116,536
11:22:38:1588936958+00:00,32116,536
11:22:39:1588936959+00:00,32116,536
11:22:40:1588936960+00:00,32116,537
11:22:41:1588936961+00:00,32116,537
11:22:42:1588936962+00:00,32116,537
11:22:43:1588936963+00:00,32116,538
11:22:44:1588936964+00:00,32116,538
11:22:45:1588936965+00:00,32116,538
11:22:46:1588936966+00:00,32116,539
11:22:47:1588936967+00:00,32116,539
11:22:48:1588936968+00:00,32116,539
11:22:49:1588936969+00:00,32116,539
11:22:50:1588936970+00:00,32116,540
11:22:51:1588936971+00:00,32116,540
11:22:52:1588936972+00:00,32116,540
11:22:53:1588936973+00:00,32116,541
11:22:54:1588936974+00:00,32116,541
11:22:55:1588936975+00:00,32116,541
11:22:56:1588936976+00:00,32116,541
11:22:57:1588936977+00:00,32116,541
11:22:58:1588936978+00:00,32116,542
11:22:59:1588936979+00:00,32116,542
11:23:00:1588936980+00:00,32116,542
11:23:01:1588936981+00:00,32116,542
11:23:02:1588936982+00:00,32116,543
11:23:03:1588936983+00:00,32116,543
11:23:04:1588936984+00:00,32116,543
11:23:05:1588936985+00:00,32116,544
11:23:06:1588936986+00:00,32116,544
11:23:07:1588936987+00:00,32116,544
11:23:08:1588936988+00:00,32116,544
11:23:09:1588936989+00:00,32116,545
11:23:10:1588936990+00:00,32116,545
11:23:11:1588936991+00:00,32116,545
11:23:12:1588936992+00:00,32116,545
11:23:13:1588936993+00:00,32116,546
11:23:14:1588936994+00:00,32116,546
11:23:15:1588936995+00:00,32116,546
11:23:16:1588936996+00:00,32116,547
11:23:17:1588936997+00:00,32116,547
11:23:18:1588936998+00:00,32116,547
11:23:19:1588936999+00:00,32116,548
11:23:20:1588937000+00:00,32116,548
11:23:21:1588937001+00:00,32116,548
11:23:22:1588937002+00:00,32116,549
11:23:23:1588937003+00:00,32116,549
11:23:24:1588937004+00:00,32116,549
11:23:25:1588937005+00:00,32116,549
11:23:26:1588937006+00:00,32116,550
11:23:27:1588937007+00:00,32116,550
11:23:28:1588937008+00:00,32116,550
11:23:29:1588937009+00:00,32116,550
11:23:30:1588937010+00:00,32116,550
11:23:31:1588937011+00:00,32116,551
11:23:32:1588937012+00:00,32116,551
11:23:33:1588937013+00:00,32116,551
11:23:34:1588937014+00:00,32116,551
11:23:35:1588937015+00:00,32116,551
11:23:36:1588937016+00:00,32116,552
11:23:37:1588937017+00:00,32116,552
11:23:38:1588937018+00:00,32116,552
11:23:39:1588937019+00:00,32116,553
11:23:40:1588937020+00:00,32116,553
11:23:41:1588937021+00:00,32116,553
11:23:42:1588937022+00:00,32116,554
11:23:43:1588937023+00:00,32116,554
11:23:44:1588937024+00:00,32116,554
11:23:45:1588937025+00:00,32116,555
11:23:46:1588937026+00:00,32116,555
11:23:47:1588937027+00:00,32116,555
11:23:48:1588937028+00:00,32116,556
11:23:49:1588937029+00:00,32116,556
11:23:50:1588937030+00:00,32116,557
11:23:51:1588937031+00:00,32116,556
11:23:52:1588937032+00:00,32116,557
11:23:53:1588937033+00:00,32116,558
11:23:54:1588937034+00:00,32116,557
11:23:55:1588937035+00:00,32116,558
11:23:56:1588937036+00:00,32116,559
11:23:57:1588937037+00:00,32116,559
11:23:58:1588937038+00:00,32116,559
11:23:59:1588937039+00:00,32116,559
11:24:00:1588937040+00:00,32116,560
11:24:01:1588937041+00:00,32116,560
11:24:02:1588937042+00:00,32116,560
11:24:03:1588937043+00:00,32116,560
11:24:04:1588937044+00:00,32116,561
11:24:05:1588937045+00:00,32116,561
11:24:06:1588937046+00:00,32116,561
11:24:07:1588937047+00:00,32116,562
11:24:08:1588937048+00:00,32116,562
11:24:09:1588937049+00:00,32116,562
11:24:10:1588937050+00:00,32116,563
11:24:11:1588937051+00:00,32116,563
11:24:12:1588937052+00:00,32116,563
11:24:13:1588937053+00:00,32116,563
11:24:14:1588937054+00:00,32116,564
11:24:15:1588937055+00:00,32116,564
11:24:16:1588937056+00:00,32116,564
11:24:17:1588937057+00:00,32116,565
11:24:18:1588937058+00:00,32116,565
11:24:19:1588937059+00:00,32116,565
11:24:20:1588937060+00:00,32116,566
11:24:21:1588937061+00:00,32116,566
11:24:22:1588937062+00:00,32116,566
11:24:23:1588937063+00:00,32116,567
11:24:24:1588937064+00:00,32116,567
11:24:25:1588937065+00:00,32116,567
11:24:26:1588937066+00:00,32116,568
11:24:27:1588937067+00:00,32116,568
11:24:28:1588937068+00:00,32116,568
11:24:29:1588937069+00:00,32116,568
11:24:30:1588937070+00:00,32116,569
11:24:31:1588937071+00:00,32116,569
11:24:32:1588937072+00:00,32116,569
11:24:33:1588937073+00:00,32116,570
11:24:34:1588937074+00:00,32116,570
11:24:35:1588937075+00:00,32116,571
11:24:36:1588937076+00:00,32116,570
11:24:37:1588937077+00:00,32116,570
11:24:38:1588937078+00:00,32116,571
11:24:39:1588937079+00:00,32116,572
11:24:40:1588937080+00:00,32116,572
11:24:41:1588937081+00:00,32116,572
11:24:42:1588937082+00:00,32116,573
11:24:43:1588937083+00:00,32116,573
11:24:44:1588937084+00:00,32116,573
11:24:45:1588937085+00:00,32116,573
11:24:46:1588937086+00:00,32116,573
11:24:47:1588937087+00:00,32116,574
11:24:49:1588937089+00:00,32116,574
11:24:50:1588937090+00:00,32116,575
11:24:51:1588937091+00:00,32116,575
11:24:52:1588937092+00:00,32116,576
11:24:53:1588937093+00:00,32116,576
11:24:54:1588937094+00:00,32116,576
11:24:55:1588937095+00:00,32116,577
11:24:56:1588937096+00:00,32116,577
11:24:57:1588937097+00:00,32116,577
11:24:58:1588937098+00:00,32116,578
11:24:59:1588937099+00:00,32116,578
11:25:00:1588937100+00:00,32116,578
11:25:01:1588937101+00:00,32116,579
11:25:02:1588937102+00:00,32116,579
11:25:03:1588937103+00:00,32116,579
11:25:04:1588937104+00:00,32116,580
11:25:05:1588937105+00:00,32116,580
11:25:06:1588937106+00:00,32116,580
11:25:07:1588937107+00:00,32116,581
11:25:08:1588937108+00:00,32116,581
11:25:09:1588937109+00:00,32116,581
11:25:10:1588937110+00:00,32116,581
11:25:11:1588937111+00:00,32116,582
11:25:12:1588937112+00:00,32116,583
11:25:13:1588937113+00:00,32116,583
11:25:14:1588937114+00:00,32116,583
11:25:15:1588937115+00:00,32116,583
11:25:16:1588937116+00:00,32116,584
11:25:17:1588937117+00:00,32116,583
11:25:18:1588937118+00:00,32116,584
11:25:19:1588937119+00:00,32116,584
11:25:20:1588937120+00:00,32116,585
11:25:21:1588937121+00:00,32116,585
11:25:22:1588937122+00:00,32116,585
11:25:23:1588937123+00:00,32116,586
11:25:24:1588937124+00:00,32116,586
11:25:25:1588937125+00:00,32116,587
11:25:26:1588937126+00:00,32116,587
11:25:27:1588937127+00:00,32116,587
11:25:28:1588937128+00:00,32116,587
11:25:29:1588937129+00:00,32116,587
11:25:30:1588937130+00:00,32116,588
11:25:31:1588937131+00:00,32116,588
11:25:32:1588937132+00:00,32116,588
11:25:33:1588937133+00:00,32116,588
11:25:34:1588937134+00:00,32116,589
11:25:35:1588937135+00:00,32116,589
11:25:36:1588937136+00:00,32116,589
11:25:37:1588937137+00:00,32116,590
11:25:38:1588937138+00:00,32116,591
11:25:39:1588937139+00:00,32116,591
11:25:40:1588937140+00:00,32116,591
11:25:41:1588937141+00:00,32116,592
11:25:42:1588937142+00:00,32116,592
11:25:43:1588937143+00:00,32116,593
11:25:44:1588937144+00:00,32116,593
11:25:45:1588937145+00:00,32116,593
11:25:46:1588937146+00:00,32116,594
11:25:47:1588937147+00:00,32116,593
11:25:48:1588937148+00:00,32116,594
11:25:49:1588937149+00:00,32116,594
11:25:50:1588937150+00:00,32116,595
11:25:51:1588937151+00:00,32116,595
11:25:52:1588937152+00:00,32116,596
11:25:53:1588937153+00:00,32116,596
11:25:54:1588937154+00:00,32116,597
11:25:55:1588937155+00:00,32116,597
11:25:56:1588937156+00:00,32116,597
11:25:57:1588937157+00:00,32116,597
11:25:58:1588937158+00:00,32116,598
11:25:59:1588937159+00:00,32116,598
11:26:00:1588937160+00:00,32116,599
11:26:01:1588937161+00:00,32116,599
11:26:02:1588937162+00:00,32116,599
11:26:03:1588937163+00:00,32116,600
11:26:04:1588937164+00:00,32116,600
11:26:05:1588937165+00:00,32116,600
11:26:06:1588937166+00:00,32116,601
11:26:07:1588937167+00:00,32116,601
11:26:08:1588937168+00:00,32116,602
11:26:09:1588937169+00:00,32116,601
11:26:10:1588937170+00:00,32116,602
11:26:11:1588937171+00:00,32116,603
11:26:12:1588937172+00:00,32116,603
11:26:13:1588937173+00:00,32116,603
11:26:14:1588937174+00:00,32116,603
11:26:15:1588937175+00:00,32116,604
11:26:16:1588937176+00:00,32116,605
11:26:17:1588937177+00:00,32116,605
11:26:18:1588937178+00:00,32116,606
11:26:19:1588937179+00:00,32116,606
11:26:20:1588937180+00:00,32116,606
11:26:21:1588937181+00:00,32116,606
11:26:22:1588937182+00:00,32116,607
11:26:23:1588937183+00:00,32116,607
11:26:24:1588937184+00:00,32116,608
11:26:25:1588937185+00:00,32116,608
11:26:26:1588937186+00:00,32116,608
11:26:27:1588937187+00:00,32116,609
11:26:28:1588937188+00:00,32116,609
11:26:29:1588937189+00:00,32116,609
11:26:30:1588937190+00:00,32116,610
11:26:31:1588937191+00:00,32116,610
11:26:32:1588937192+00:00,32116,610
11:26:33:1588937193+00:00,32116,611
11:26:34:1588937194+00:00,32116,611
11:26:35:1588937195+00:00,32116,612
11:26:36:1588937196+00:00,32116,612
11:26:37:1588937197+00:00,32116,612
11:26:38:1588937198+00:00,32116,613
11:26:39:1588937199+00:00,32116,613
11:26:40:1588937200+00:00,32116,614
11:26:41:1588937201+00:00,32116,614
11:26:42:1588937202+00:00,32116,615
11:26:43:1588937203+00:00,32116,615
11:26:44:1588937204+00:00,32116,616
11:26:45:1588937205+00:00,32116,616
11:26:46:1588937206+00:00,32116,616
11:26:47:1588937207+00:00,32116,616
11:26:48:1588937208+00:00,32116,617
11:26:49:1588937209+00:00,32116,618
11:26:50:1588937210+00:00,32116,618
11:26:51:1588937211+00:00,32116,619
11:26:52:1588937212+00:00,32116,619
11:26:53:1588937213+00:00,32116,619
11:26:54:1588937214+00:00,32116,620
11:26:55:1588937215+00:00,32116,620
11:26:56:1588937216+00:00,32116,620
11:26:57:1588937217+00:00,32116,621
11:26:58:1588937218+00:00,32116,621
11:26:59:1588937219+00:00,32116,621
11:27:00:1588937220+00:00,32116,622
11:27:01:1588937221+00:00,32116,622
11:27:02:1588937222+00:00,32116,623
11:27:03:1588937223+00:00,32116,623
11:27:04:1588937224+00:00,32116,623
11:27:05:1588937225+00:00,32116,624
11:27:06:1588937226+00:00,32116,624
11:27:07:1588937227+00:00,32116,625
11:27:08:1588937228+00:00,32116,625
11:27:09:1588937229+00:00,32116,625
11:27:10:1588937230+00:00,32116,625
11:27:11:1588937231+00:00,32116,626
11:27:12:1588937232+00:00,32116,626
11:27:13:1588937233+00:00,32116,627
11:27:14:1588937234+00:00,32116,627
11:27:15:1588937235+00:00,32116,628
11:27:16:1588937236+00:00,32116,628
11:27:17:1588937237+00:00,32116,629
11:27:18:1588937238+00:00,32116,629
11:27:19:1588937239+00:00,32116,630
11:27:20:1588937240+00:00,32116,630
11:27:21:1588937241+00:00,32116,631
11:27:22:1588937242+00:00,32116,631
11:27:23:1588937243+00:00,32116,631
11:27:24:1588937244+00:00,32116,632
11:27:25:1588937245+00:00,32116,632
11:27:26:1588937246+00:00,32116,633
11:27:27:1588937247+00:00,32116,633
11:27:28:1588937248+00:00,32116,634
11:27:29:1588937249+00:00,32116,634
11:27:31:1588937251+00:00,32116,635
11:27:32:1588937252+00:00,32116,635
11:27:33:1588937253+00:00,32116,635
11:27:34:1588937254+00:00,32116,636
11:27:35:1588937255+00:00,32116,637
11:27:36:1588937256+00:00,32116,637
11:27:37:1588937257+00:00,32116,637
11:27:38:1588937258+00:00,32116,638
11:27:39:1588937259+00:00,32116,639
11:27:40:1588937260+00:00,32116,639
11:27:41:1588937261+00:00,32116,639
11:27:42:1588937262+00:00,32116,639
11:27:43:1588937263+00:00,32116,640
11:27:44:1588937264+00:00,32116,641
11:27:45:1588937265+00:00,32116,642
11:27:46:1588937266+00:00,32116,642
11:27:47:1588937267+00:00,32116,642
11:27:48:1588937268+00:00,32116,643
11:27:49:1588937269+00:00,32116,643
11:27:50:1588937270+00:00,32116,644
11:27:51:1588937271+00:00,32116,644
11:27:52:1588937272+00:00,32116,645
11:27:53:1588937273+00:00,32116,646
11:27:54:1588937274+00:00,32116,646
11:27:55:1588937275+00:00,32116,647
11:27:56:1588937276+00:00,32116,647
11:27:57:1588937277+00:00,32116,648
11:27:58:1588937278+00:00,32116,648
11:27:59:1588937279+00:00,32116,648
11:28:00:1588937280+00:00,32116,648
11:28:01:1588937281+00:00,32116,649
11:28:02:1588937282+00:00,32116,649
11:28:03:1588937283+00:00,32116,650
11:28:04:1588937284+00:00,32116,651
11:28:05:1588937285+00:00,32116,651
11:28:06:1588937286+00:00,32116,651
11:28:07:1588937287+00:00,32116,652
11:28:08:1588937288+00:00,32116,653
11:28:09:1588937289+00:00,32116,653
11:28:10:1588937290+00:00,32116,654
11:28:11:1588937291+00:00,32116,654
11:28:12:1588937292+00:00,32116,655
11:28:13:1588937293+00:00,32116,655
11:28:14:1588937294+00:00,32116,656
11:28:15:1588937295+00:00,32116,656
11:28:16:1588937296+00:00,32116,657
11:28:17:1588937297+00:00,32116,657
11:28:18:1588937298+00:00,32116,658
11:28:19:1588937299+00:00,32116,659
11:28:20:1588937300+00:00,32116,659
11:28:21:1588937301+00:00,32116,660
11:28:22:1588937302+00:00,32116,660
11:28:23:1588937303+00:00,32116,661
11:28:24:1588937304+00:00,32116,661
11:28:25:1588937305+00:00,32116,661
11:28:26:1588937306+00:00,32116,662
11:28:27:1588937307+00:00,32116,662
11:28:28:1588937308+00:00,32116,663
11:28:29:1588937309+00:00,32116,663
11:28:30:1588937310+00:00,32116,664
11:28:31:1588937311+00:00,32116,664
11:28:32:1588937312+00:00,32116,665
11:28:33:1588937313+00:00,32116,665
11:28:34:1588937314+00:00,32116,666
11:28:35:1588937315+00:00,32116,666
11:28:36:1588937316+00:00,32116,667
11:28:37:1588937317+00:00,32116,667
11:28:38:1588937318+00:00,32116,668
11:28:39:1588937319+00:00,32116,668
11:28:40:1588937320+00:00,32116,669
11:28:41:1588937321+00:00,32116,669
11:28:42:1588937322+00:00,32116,669
11:28:43:1588937323+00:00,32116,670
11:28:44:1588937324+00:00,32116,671
11:28:45:1588937325+00:00,32116,671
11:28:46:1588937326+00:00,32116,672
11:28:47:1588937327+00:00,32116,672
11:28:48:1588937328+00:00,32116,673
11:28:49:1588937329+00:00,32116,674
11:28:50:1588937330+00:00,32116,674
11:28:51:1588937331+00:00,32116,675
11:28:52:1588937332+00:00,32116,675
11:28:53:1588937333+00:00,32116,676
11:28:54:1588937334+00:00,32116,677
11:28:55:1588937335+00:00,32116,677
11:28:56:1588937336+00:00,32116,678
11:28:57:1588937337+00:00,32116,678
11:28:58:1588937338+00:00,32116,678
11:28:59:1588937339+00:00,32116,679
11:29:00:1588937340+00:00,32116,680
11:29:01:1588937341+00:00,32116,681
11:29:02:1588937342+00:00,32116,681
11:29:03:1588937343+00:00,32116,681
11:29:04:1588937344+00:00,32116,682
11:29:05:1588937345+00:00,32116,682
11:29:06:1588937346+00:00,32116,683
11:29:07:1588937347+00:00,32116,683
11:29:08:1588937348+00:00,32116,684
11:29:09:1588937349+00:00,32116,684
11:29:10:1588937350+00:00,32116,685
11:29:11:1588937351+00:00,32116,686
11:29:12:1588937352+00:00,32116,686
11:29:13:1588937353+00:00,32116,687
11:29:14:1588937354+00:00,32116,687
11:29:15:1588937355+00:00,32116,688
11:29:16:1588937356+00:00,32116,689
11:29:17:1588937357+00:00,32116,689
11:29:18:1588937358+00:00,32116,690
11:29:19:1588937359+00:00,32116,690
11:29:20:1588937360+00:00,32116,691
11:29:21:1588937361+00:00,32116,692
11:29:22:1588937362+00:00,32116,693
11:29:23:1588937363+00:00,32116,693
11:29:24:1588937364+00:00,32116,694
11:29:25:1588937365+00:00,32116,694
11:29:26:1588937366+00:00,32116,695
11:29:27:1588937367+00:00,32116,695
11:29:28:1588937368+00:00,32116,696
11:29:29:1588937369+00:00,32116,696
11:29:30:1588937370+00:00,32116,697
11:29:31:1588937371+00:00,32116,698
11:29:32:1588937372+00:00,32116,699
11:29:33:1588937373+00:00,32116,699
11:29:34:1588937374+00:00,32116,699
11:29:35:1588937375+00:00,32116,701
11:29:36:1588937376+00:00,32116,701
11:29:37:1588937377+00:00,32116,702
11:29:38:1588937378+00:00,32116,702
11:29:39:1588937379+00:00,32116,703
11:29:40:1588937380+00:00,32116,703
11:29:41:1588937381+00:00,32116,704
11:29:42:1588937382+00:00,32116,705
11:29:43:1588937383+00:00,32116,705
11:29:44:1588937384+00:00,32116,706
11:29:45:1588937385+00:00,32116,707
11:29:46:1588937386+00:00,32116,708
11:29:47:1588937387+00:00,32116,709
11:29:48:1588937388+00:00,32116,709
11:29:49:1588937389+00:00,32116,709
11:29:50:1588937390+00:00,32116,710
11:29:51:1588937391+00:00,32116,711
11:29:52:1588937392+00:00,32116,712
11:29:53:1588937393+00:00,32116,713
11:29:54:1588937394+00:00,32116,714
11:29:55:1588937395+00:00,32116,714
11:29:56:1588937396+00:00,32116,715
11:29:57:1588937397+00:00,32116,716
11:29:58:1588937398+00:00,32116,716
11:29:59:1588937399+00:00,32116,717
11:30:00:1588937400+00:00,32116,718
11:30:01:1588937401+00:00,32116,718
11:30:02:1588937402+00:00,32116,719
11:30:03:1588937403+00:00,32116,720
11:30:04:1588937404+00:00,32116,721
11:30:05:1588937405+00:00,32116,722
11:30:06:1588937406+00:00,32116,722
11:30:07:1588937407+00:00,32116,723
11:30:08:1588937408+00:00,32116,723
11:30:09:1588937409+00:00,32116,724
11:30:10:1588937410+00:00,32116,724
11:30:11:1588937411+00:00,32116,725
11:30:12:1588937412+00:00,32116,726
11:30:13:1588937413+00:00,32116,726
11:30:15:1588937415+00:00,32116,727
11:30:16:1588937416+00:00,32116,728
11:30:17:1588937417+00:00,32116,730
11:30:18:1588937418+00:00,32116,730
11:30:19:1588937419+00:00,32116,732
11:30:20:1588937420+00:00,32116,732
11:30:21:1588937421+00:00,32116,732
11:30:22:1588937422+00:00,32116,733
11:30:23:1588937423+00:00,32116,734
11:30:24:1588937424+00:00,32116,735
11:30:25:1588937425+00:00,32116,735
11:30:26:1588937426+00:00,32116,736
11:30:27:1588937427+00:00,32116,737
11:30:28:1588937428+00:00,32116,738
11:30:29:1588937429+00:00,32116,739
11:30:30:1588937430+00:00,32116,740
11:30:31:1588937431+00:00,32116,740
11:30:32:1588937432+00:00,32116,741
11:30:33:1588937433+00:00,32116,742
11:30:34:1588937434+00:00,32116,743
11:30:35:1588937435+00:00,32116,743
11:30:36:1588937436+00:00,32116,744
11:30:37:1588937437+00:00,32116,745
11:30:38:1588937438+00:00,32116,746
11:30:39:1588937439+00:00,32116,746
11:30:40:1588937440+00:00,32116,747
11:30:41:1588937441+00:00,32116,748
11:30:42:1588937442+00:00,32116,748
11:30:43:1588937443+00:00,32116,749
11:30:44:1588937444+00:00,32116,750
11:30:45:1588937445+00:00,32116,751
11:30:46:1588937446+00:00,32116,752
11:30:47:1588937447+00:00,32116,753
11:30:48:1588937448+00:00,32116,754
11:30:49:1588937449+00:00,32116,754
11:30:50:1588937450+00:00,32116,756
11:30:51:1588937451+00:00,32116,756
11:30:52:1588937452+00:00,32116,757
11:30:53:1588937453+00:00,32116,758
11:30:54:1588937454+00:00,32116,759
11:30:55:1588937455+00:00,32116,760
11:30:56:1588937456+00:00,32116,760
11:30:57:1588937457+00:00,32116,761
11:30:58:1588937458+00:00,32116,762
11:30:59:1588937459+00:00,32116,763
11:31:00:1588937460+00:00,32116,764
11:31:01:1588937461+00:00,32116,764
11:31:02:1588937462+00:00,32116,765
11:31:03:1588937463+00:00,32116,766
11:31:04:1588937464+00:00,32116,767
11:31:05:1588937465+00:00,32116,767
11:31:06:1588937466+00:00,32116,768
11:31:07:1588937467+00:00,32116,769
11:31:08:1588937468+00:00,32116,770
11:31:09:1588937469+00:00,32116,771
11:31:10:1588937470+00:00,32116,772
11:31:11:1588937471+00:00,32116,773
11:31:12:1588937472+00:00,32116,774
11:31:13:1588937473+00:00,32116,774
11:31:14:1588937474+00:00,32116,775
11:31:15:1588937475+00:00,32116,776
11:31:16:1588937476+00:00,32116,777
11:31:17:1588937477+00:00,32116,779
11:31:18:1588937478+00:00,32116,779
11:31:19:1588937479+00:00,32116,780
11:31:20:1588937480+00:00,32116,781
11:31:21:1588937481+00:00,32116,782
11:31:22:1588937482+00:00,32116,783
11:31:23:1588937483+00:00,32116,784
11:31:24:1588937484+00:00,32116,785
11:31:25:1588937485+00:00,32116,786
11:31:26:1588937486+00:00,32116,787
11:31:27:1588937487+00:00,32116,787
11:31:28:1588937488+00:00,32116,788
11:31:29:1588937489+00:00,32116,789
11:31:30:1588937490+00:00,32116,790
11:31:31:1588937491+00:00,32116,790
11:31:32:1588937492+00:00,32116,791
11:31:33:1588937493+00:00,32116,792
11:31:34:1588937494+00:00,32116,793
11:31:35:1588937495+00:00,32116,794
11:31:36:1588937496+00:00,32116,795
11:31:37:1588937497+00:00,32116,796
11:31:38:1588937498+00:00,32116,797
11:31:39:1588937499+00:00,32116,798
11:31:40:1588937500+00:00,32116,799
11:31:41:1588937501+00:00,32116,800
11:31:42:1588937502+00:00,32116,801
11:31:43:1588937503+00:00,32116,802
11:31:44:1588937504+00:00,32116,803
11:31:45:1588937505+00:00,32116,804
11:31:46:1588937506+00:00,32116,805
11:31:47:1588937507+00:00,32116,807
11:31:48:1588937508+00:00,32116,808
11:31:49:1588937509+00:00,32116,808
11:31:50:1588937510+00:00,32116,809
11:31:51:1588937511+00:00,32116,810
11:31:52:1588937512+00:00,32116,811
11:31:53:1588937513+00:00,32116,812
11:31:54:1588937514+00:00,32116,813
11:31:55:1588937515+00:00,32116,815
11:31:56:1588937516+00:00,32116,815
11:31:57:1588937517+00:00,32116,817
11:31:58:1588937518+00:00,32116,817
11:31:59:1588937519+00:00,32116,818
11:32:00:1588937520+00:00,32116,820
11:32:01:1588937521+00:00,32116,821
11:32:02:1588937522+00:00,32116,822
11:32:03:1588937523+00:00,32116,823
11:32:04:1588937524+00:00,32116,824
11:32:05:1588937525+00:00,32116,825
11:32:06:1588937526+00:00,32116,827
11:32:07:1588937527+00:00,32116,828
11:32:08:1588937528+00:00,32116,829
11:32:09:1588937529+00:00,32116,830
11:32:10:1588937530+00:00,32116,832
11:32:11:1588937531+00:00,32116,833
11:32:12:1588937532+00:00,32116,834
11:32:13:1588937533+00:00,32116,835
11:32:14:1588937534+00:00,32116,837
11:32:15:1588937535+00:00,32116,838
11:32:16:1588937536+00:00,32116,839
11:32:17:1588937537+00:00,32116,840
11:32:18:1588937538+00:00,32116,840
11:32:19:1588937539+00:00,32116,842
11:32:20:1588937540+00:00,32116,843
11:32:21:1588937541+00:00,32116,844
11:32:22:1588937542+00:00,32116,845
11:32:23:1588937543+00:00,32116,847
11:32:24:1588937544+00:00,32116,848
11:32:25:1588937545+00:00,32116,849
11:32:26:1588937546+00:00,32116,850
11:32:27:1588937547+00:00,32116,851
11:32:28:1588937548+00:00,32116,852
11:32:29:1588937549+00:00,32116,853
11:32:30:1588937550+00:00,32116,855
11:32:31:1588937551+00:00,32116,855
11:32:32:1588937552+00:00,32116,857
11:32:33:1588937553+00:00,32116,858
11:32:34:1588937554+00:00,32116,859
11:32:35:1588937555+00:00,32116,861
11:32:36:1588937556+00:00,32116,863
11:32:37:1588937557+00:00,32116,864
11:32:38:1588937558+00:00,32116,866
11:32:39:1588937559+00:00,32116,867
11:32:40:1588937560+00:00,32116,868
11:32:41:1588937561+00:00,32116,870
11:32:42:1588937562+00:00,32116,871
11:32:43:1588937563+00:00,32116,873
11:32:44:1588937564+00:00,32116,875
11:32:45:1588937565+00:00,32116,876
11:32:46:1588937566+00:00,32116,877
11:32:47:1588937567+00:00,32116,878
11:32:48:1588937568+00:00,32116,879
11:32:49:1588937569+00:00,32116,880
11:32:50:1588937570+00:00,32116,882
11:32:51:1588937571+00:00,32116,883
11:32:52:1588937572+00:00,32116,884
11:32:53:1588937573+00:00,32116,885
11:32:54:1588937574+00:00,32116,886
11:32:56:1588937576+00:00,32116,888
11:32:57:1588937577+00:00,32116,889
11:32:58:1588937578+00:00,32116,891
11:32:59:1588937579+00:00,32116,892
11:33:00:1588937580+00:00,32116,893
11:33:01:1588937581+00:00,32116,895
11:33:02:1588937582+00:00,32116,897
11:33:03:1588937583+00:00,32116,899
11:33:04:1588937584+00:00,32116,900
11:33:05:1588937585+00:00,32116,902
11:33:06:1588937586+00:00,32116,904
11:33:07:1588937587+00:00,32116,906
11:33:08:1588937588+00:00,32116,907
11:33:09:1588937589+00:00,32116,909
11:33:10:1588937590+00:00,32116,910
11:33:11:1588937591+00:00,32116,913
11:33:12:1588937592+00:00,32116,914
11:33:13:1588937593+00:00,32116,916
11:33:14:1588937594+00:00,32116,918
11:33:15:1588937595+00:00,32116,919
11:33:16:1588937596+00:00,32116,921
11:33:17:1588937597+00:00,32116,923
11:33:18:1588937598+00:00,32116,925
11:33:19:1588937599+00:00,32116,926
11:33:20:1588937600+00:00,32116,928
11:33:21:1588937601+00:00,32116,929
11:33:22:1588937602+00:00,32116,931
11:33:23:1588937603+00:00,32116,934
11:33:24:1588937604+00:00,32116,937
11:33:25:1588937605+00:00,32116,939
11:33:26:1588937606+00:00,32116,941
11:33:27:1588937607+00:00,32116,942
11:33:28:1588937608+00:00,32116,944
11:33:29:1588937609+00:00,32116,946
11:33:30:1588937610+00:00,32116,948
11:33:31:1588937611+00:00,32116,949
11:33:32:1588937612+00:00,32116,951
11:33:33:1588937613+00:00,32116,952
11:33:34:1588937614+00:00,32116,954
11:33:35:1588937615+00:00,32116,956
11:33:36:1588937616+00:00,32116,959
11:33:37:1588937617+00:00,32116,961
11:33:38:1588937618+00:00,32116,963
11:33:39:1588937619+00:00,32116,965
11:33:40:1588937620+00:00,32116,967
11:33:41:1588937621+00:00,32116,970
11:33:42:1588937622+00:00,32116,972
11:33:43:1588937623+00:00,32116,974
11:33:44:1588937624+00:00,32116,976
11:33:45:1588937625+00:00,32116,978
11:33:46:1588937626+00:00,32116,980
11:33:47:1588937627+00:00,32116,983
11:33:48:1588937628+00:00,32116,985
11:33:49:1588937629+00:00,32116,988
11:33:50:1588937630+00:00,32116,990
11:33:51:1588937631+00:00,32116,993
11:33:52:1588937632+00:00,32116,995
11:33:53:1588937633+00:00,32116,997
11:33:54:1588937634+00:00,32116,1000
11:33:55:1588937635+00:00,32116,1002
11:33:56:1588937636+00:00,32116,1005
11:33:57:1588937637+00:00,32116,1008
11:33:58:1588937638+00:00,32116,1010
11:33:59:1588937639+00:00,32116,1014
11:34:00:1588937640+00:00,32116,1017
11:34:01:1588937641+00:00,32116,1020
11:34:02:1588937642+00:00,32116,1022
11:34:03:1588937643+00:00,32116,1025
11:34:04:1588937644+00:00,32116,1028
11:34:05:1588937645+00:00,32116,1032
11:34:06:1588937646+00:00,32116,1035
11:34:07:1588937647+00:00,32116,1037
11:34:08:1588937648+00:00,32116,1041
11:34:09:1588937649+00:00,32116,1043
11:34:10:1588937650+00:00,32116,1047
11:34:11:1588937651+00:00,32116,1052
11:34:12:1588937652+00:00,32116,1055
11:34:13:1588937653+00:00,32116,1059
11:34:14:1588937654+00:00,32116,1063
11:34:15:1588937655+00:00,32116,1066
11:34:16:1588937656+00:00,32116,1069
11:34:17:1588937657+00:00,32116,1072
11:34:18:1588937658+00:00,32116,1076
11:34:19:1588937659+00:00,32116,1080
11:34:20:1588937660+00:00,32116,1084
11:34:21:1588937661+00:00,32116,1087
11:34:22:1588937662+00:00,32116,1090
11:34:23:1588937663+00:00,32116,1093
11:34:24:1588937664+00:00,32116,1097
11:34:25:1588937665+00:00,32116,1101
11:34:26:1588937666+00:00,32116,1105
11:34:27:1588937667+00:00,32116,1108
11:34:28:1588937668+00:00,32116,1113
11:34:29:1588937669+00:00,32116,1116
11:34:30:1588937670+00:00,32116,1121
11:34:31:1588937671+00:00,32116,1124
11:34:32:1588937672+00:00,32116,1128
11:34:33:1588937673+00:00,32116,1130
11:34:34:1588937674+00:00,32116,1135
11:34:35:1588937675+00:00,32116,1140
11:34:36:1588937676+00:00,32116,1146
11:34:37:1588937677+00:00,32116,1150
11:34:38:1588937678+00:00,32116,1156
11:34:39:1588937679+00:00,32116,1163
11:34:40:1588937680+00:00,32116,1169
11:34:41:1588937681+00:00,32116,1175
11:34:42:1588937682+00:00,32116,1181
11:34:43:1588937683+00:00,32116,1187
11:34:44:1588937684+00:00,32116,1191
11:34:45:1588937685+00:00,32116,1199
11:34:46:1588937686+00:00,32116,1203
11:34:47:1588937687+00:00,32116,1208
11:34:48:1588937688+00:00,32116,1216
11:34:49:1588937689+00:00,32116,1221
11:34:50:1588937690+00:00,32116,1228
11:34:51:1588937691+00:00,32116,1237
11:34:52:1588937692+00:00,32116,1245
11:34:53:1588937693+00:00,32116,1253
11:34:54:1588937694+00:00,32116,1261
11:34:55:1588937695+00:00,32116,1268
11:34:56:1588937696+00:00,32116,1277
11:34:57:1588937697+00:00,32116,1288
11:34:58:1588937698+00:00,32116,1298
11:34:59:1588937699+00:00,32116,1307
11:35:00:1588937700+00:00,32116,1318
11:35:01:1588937701+00:00,32116,1327
11:35:02:1588937702+00:00,32116,1338
11:35:03:1588937703+00:00,32116,1348
11:35:04:1588937704+00:00,32116,1358
11:35:05:1588937705+00:00,32116,1369
11:35:06:1588937706+00:00,32116,1382
11:35:07:1588937707+00:00,32116,1393
11:35:08:1588937708+00:00,32116,1409
11:35:09:1588937709+00:00,32116,1427
11:35:10:1588937710+00:00,32116,1447
11:35:11:1588937711+00:00,32116,1466
11:35:12:1588937712+00:00,32116,1484
11:35:13:1588937713+00:00,32116,1506
11:35:14:1588937714+00:00,32116,1529
11:35:15:1588937715+00:00,32116,1550
11:35:16:1588937716+00:00,32116,1573
11:35:17:1588937717+00:00,32116,1599
11:35:18:1588937718+00:00,32116,1630
11:35:19:1588937719+00:00,32116,1666
11:35:20:1588937720+00:00,32116,1706
11:35:21:1588937721+00:00,32116,1734
11:35:22:1588937722+00:00,32116,1771
11:35:23:1588937723+00:00,32116,1820
11:35:24:1588937724+00:00,32116,1862
11:35:25:1588937725+00:00,32116,1913
11:35:26:1588937726+00:00,32116,1962
11:35:27:1588937727+00:00,32116,2022
11:35:28:1588937728+00:00,32116,2081
11:35:29:1588937729+00:00,32116,2139
11:35:30:1588937730+00:00,32116,2200
11:35:31:1588937731+00:00,32116,2268
11:35:33:1588937733+00:00,32116,2334
11:35:34:1588937734+00:00,32116,2404
11:35:35:1588937735+00:00,32116,2474
11:35:36:1588937736+00:00,32116,2542
11:35:37:1588937737+00:00,32116,2612
11:35:38:1588937738+00:00,32116,2684
11:35:39:1588937739+00:00,32116,2751
11:35:40:1588937740+00:00,32116,2824
11:35:41:1588937741+00:00,32116,2898
11:35:42:1588937742+00:00,32116,2971
11:35:43:1588937743+00:00,32116,3045
11:35:44:1588937744+00:00,32116,3109
11:35:45:1588937745+00:00,32116,3180
11:35:46:1588937746+00:00,32116,3246
11:35:47:1588937747+00:00,32116,3315
11:35:48:1588937748+00:00,32116,3381
11:35:49:1588937749+00:00,32116,3451
11:35:50:1588937750+00:00,32116,3518
11:35:51:1588937751+00:00,32116,3589
11:35:52:1588937752+00:00,32116,3658
11:35:53:1588937753+00:00,32116,3728
11:35:54:1588937754+00:00,32116,3793
11:35:55:1588937755+00:00,32116,3866
11:35:56:1588937756+00:00,32116,3940
11:35:57:1588937757+00:00,32116,4011
11:35:58:1588937758+00:00,32116,4085
11:35:59:1588937759+00:00,32116,4160
11:36:00:1588937760+00:00,32116,4234
11:36:01:1588937761+00:00,32116,4306
11:36:02:1588937762+00:00,32116,4379
11:36:03:1588937763+00:00,32116,4453
11:36:04:1588937764+00:00,32116,4524
11:36:05:1588937765+00:00,32116,4590
11:36:06:1588937766+00:00,32116,4657
11:36:07:1588937767+00:00,32116,4730
11:36:08:1588937768+00:00,32116,4800
11:36:09:1588937769+00:00,32116,4870
11:36:10:1588937770+00:00,32116,4943
11:36:11:1588937771+00:00,32116,5015
11:36:12:1588937772+00:00,32116,5088
11:36:13:1588937773+00:00,32116,5162
11:36:14:1588937774+00:00,32116,5234
11:36:15:1588937775+00:00,32116,5307
11:36:16:1588937776+00:00,32116,5381
11:36:17:1588937777+00:00,32116,5455
11:36:18:1588937778+00:00,32116,5526
11:36:19:1588937779+00:00,32116,5598
11:36:20:1588937780+00:00,32116,5670
11:36:21:1588937781+00:00,32116,5743
11:36:22:1588937782+00:00,32116,5815
11:36:23:1588937783+00:00,32116,5888
11:36:24:1588937784+00:00,32116,5961
11:36:25:1588937785+00:00,32116,6028
11:36:26:1588937786+00:00,32116,6100
11:36:27:1588937787+00:00,32116,6169
11:36:28:1588937788+00:00,32116,6239
11:36:29:1588937789+00:00,32116,6307
11:36:30:1588937790+00:00,32116,6375
11:36:31:1588937791+00:00,32116,6444
11:36:32:1588937792+00:00,32116,6514
11:36:33:1588937793+00:00,32116,6584
11:36:34:1588937794+00:00,32116,6653
11:36:35:1588937795+00:00,32116,6719
11:36:36:1588937796+00:00,32116,6788
11:36:37:1588937797+00:00,32116,6860
11:36:38:1588937798+00:00,32116,6930
11:36:39:1588937799+00:00,32116,7003
11:36:40:1588937800+00:00,32116,7079
11:36:41:1588937801+00:00,32116,7143
11:36:42:1588937802+00:00,32116,7214
11:36:43:1588937803+00:00,32116,7284
11:36:44:1588937804+00:00,32116,7348
11:36:45:1588937805+00:00,32116,7411
11:36:46:1588937806+00:00,32116,7477
11:36:47:1588937807+00:00,32116,7545
11:36:48:1588937808+00:00,32116,7611
11:36:49:1588937809+00:00,32116,7675
11:36:50:1588937810+00:00,32116,7734
11:36:51:1588937811+00:00,32116,7804
11:36:52:1588937812+00:00,32116,7873
11:36:53:1588937813+00:00,32116,7943
11:36:54:1588937814+00:00,32116,8012
11:36:55:1588937815+00:00,32116,8083
11:36:56:1588937816+00:00,32116,8148
11:36:57:1588937817+00:00,32116,8221
11:36:58:1588937818+00:00,32116,8289
11:36:59:1588937819+00:00,32116,8359
11:37:00:1588937820+00:00,32116,8420
11:37:01:1588937821+00:00,32116,8484
11:37:02:1588937822+00:00,32116,8547
11:37:03:1588937823+00:00,32116,8615
11:37:04:1588937824+00:00,32116,8678
11:37:05:1588937825+00:00,32116,8741
11:37:06:1588937826+00:00,32116,8805
11:37:07:1588937827+00:00,32116,8868
11:37:08:1588937828+00:00,32116,8935
11:37:09:1588937829+00:00,32116,8997
11:37:10:1588937830+00:00,32116,9062
11:37:11:1588937831+00:00,32116,9127
11:37:12:1588937832+00:00,32116,9198
11:37:13:1588937833+00:00,32116,9263
11:37:14:1588937834+00:00,32116,9325
11:37:15:1588937835+00:00,32116,9390
11:37:16:1588937836+00:00,32116,9454
11:37:17:1588937837+00:00,32116,9520
11:37:18:1588937838+00:00,32116,9592
11:37:19:1588937839+00:00,32116,9657
11:37:20:1588937840+00:00,32116,9724
11:37:21:1588937841+00:00,32116,9791
11:37:22:1588937842+00:00,32116,9858
11:37:23:1588937843+00:00,32116,9923
11:37:24:1588937844+00:00,32116,9983
11:37:25:1588937845+00:00,32116,10047
11:37:26:1588937846+00:00,32116,10112
11:37:27:1588937847+00:00,32116,10177
11:37:28:1588937848+00:00,32116,10247
11:37:29:1588937849+00:00,32116,10316
11:37:30:1588937850+00:00,32116,10379
11:37:31:1588937851+00:00,32116,10440
11:37:32:1588937852+00:00,32116,10505
11:37:33:1588937853+00:00,32116,10568
11:37:34:1588937854+00:00,32116,10630
11:37:35:1588937855+00:00,32116,10693
11:37:36:1588937856+00:00,32116,10764
11:37:37:1588937857+00:00,32116,10832
11:37:38:1588937858+00:00,32116,10898
11:37:39:1588937859+00:00,32116,10969
11:37:40:1588937860+00:00,32116,11036
11:37:41:1588937861+00:00,32116,11099
11:37:42:1588937862+00:00,32116,11166
11:37:43:1588937863+00:00,32116,11236
11:37:44:1588937864+00:00,32116,11308
11:37:45:1588937865+00:00,32116,11379
11:37:46:1588937866+00:00,32116,11452
11:37:47:1588937867+00:00,32116,11523
11:37:48:1588937868+00:00,32116,11595
11:37:49:1588937869+00:00,32116,11667
11:37:50:1588937870+00:00,32116,11740
11:37:51:1588937871+00:00,32116,11811
11:37:53:1588937873+00:00,32116,11884
11:37:54:1588937874+00:00,32116,11955
11:37:55:1588937875+00:00,32116,12023
11:37:56:1588937876+00:00,32116,12089
11:37:57:1588937877+00:00,32116,12160
11:37:58:1588937878+00:00,32116,12231
11:37:59:1588937879+00:00,32116,12293
11:38:00:1588937880+00:00,32116,12361
11:38:01:1588937881+00:00,32116,12429
11:38:02:1588937882+00:00,32116,12497
11:38:03:1588937883+00:00,32116,12562
11:38:04:1588937884+00:00,32116,12631
11:38:05:1588937885+00:00,32116,12698
11:38:06:1588937886+00:00,32116,12766
11:38:07:1588937887+00:00,32116,12837
11:38:08:1588937888+00:00,32116,12902
11:38:09:1588937889+00:00,32116,12965
11:38:10:1588937890+00:00,32116,13029
11:38:11:1588937891+00:00,32116,13093
11:38:12:1588937892+00:00,32116,13142
11:38:13:1588937893+00:00,32116,13142
